user_id,group,converted
1,control,0
2,control,1
3,control,0
4,control,0
5,control,0
6,control,0
7,control,0
8,control,0
9,control,0
10,control,0
11,control,0
12,control,1
13,control,0
14,control,0
15,control,0
16,control,0
17,control,0
18,control,0
19,control,0
20,control,0
21,control,0
22,control,0
23,control,0
24,control,0
25,control,0
26,control,0
27,control,0
28,control,0
29,control,0
30,control,0
31,control,0
32,control,0
33,control,0
34,control,1
35,control,1
36,control,0
37,control,0
38,control,0
39,control,0
40,control,0
41,control,0
42,control,0
43,control,0
44,control,1
45,control,0
46,control,0
47,control,0
48,control,0
49,control,0
50,control,0
51,control,1
52,control,0
53,control,1
54,control,1
55,control,0
56,control,1
57,control,0
58,control,0
59,control,0
60,control,0
61,control,0
62,control,0
63,control,0
64,control,0
65,control,0
66,control,0
67,control,0
68,control,0
69,control,0
70,control,1
71,control,0
72,control,0
73,control,0
74,control,0
75,control,0
76,control,0
77,control,0
78,control,0
79,control,0
80,control,0
81,control,0
82,control,0
83,control,0
84,control,0
85,control,0
86,control,0
87,control,0
88,control,0
89,control,1
90,control,0
91,control,0
92,control,0
93,control,0
94,control,0
95,control,0
96,control,0
97,control,0
98,control,0
99,control,0
100,control,0
101,control,0
102,control,0
103,control,0
104,control,0
105,control,1
106,control,0
107,control,0
108,control,0
109,control,0
110,control,0
111,control,0
112,control,0
113,control,1
114,control,0
115,control,0
116,control,0
117,control,0
118,control,0
119,control,1
120,control,0
121,control,0
122,control,1
123,control,0
124,control,0
125,control,0
126,control,0
127,control,0
128,control,0
129,control,0
130,control,0
131,control,0
132,control,0
133,control,0
134,control,0
135,control,1
136,control,0
137,control,0
138,control,0
139,control,0
140,control,1
141,control,1
142,control,0
143,control,0
144,control,0
145,control,0
146,control,0
147,control,0
148,control,0
149,control,0
150,control,0
151,control,1
152,control,0
153,control,0
154,control,0
155,control,1
156,control,0
157,control,0
158,control,0
159,control,0
160,control,0
161,control,0
162,control,0
163,control,0
164,control,0
165,control,0
166,control,0
167,control,0
168,control,0
169,control,0
170,control,0
171,control,0
172,control,0
173,control,0
174,control,0
175,control,0
176,control,0
177,control,0
178,control,0
179,control,1
180,control,0
181,control,0
182,control,0
183,control,1
184,control,0
185,control,0
186,control,0
187,control,0
188,control,0
189,control,0
190,control,0
191,control,0
192,control,1
193,control,1
194,control,0
195,control,0
196,control,0
197,control,0
198,control,1
199,control,1
200,control,0
201,control,0
202,control,0
203,control,0
204,control,1
205,control,0
206,control,0
207,control,0
208,control,0
209,control,0
210,control,0
211,control,0
212,control,0
213,control,0
214,control,0
215,control,0
216,control,0
217,control,0
218,control,0
219,control,0
220,control,0
221,control,0
222,control,0
223,control,0
224,control,0
225,control,0
226,control,0
227,control,1
228,control,0
229,control,1
230,control,0
231,control,0
232,control,0
233,control,0
234,control,0
235,control,0
236,control,0
237,control,0
238,control,0
239,control,0
240,control,0
241,control,1
242,control,1
243,control,1
244,control,0
245,control,0
246,control,1
247,control,0
248,control,1
249,control,1
250,control,0
251,control,0
252,control,0
253,control,0
254,control,0
255,control,0
256,control,0
257,control,1
258,control,0
259,control,0
260,control,0
261,control,0
262,control,1
263,control,0
264,control,0
265,control,0
266,control,0
267,control,0
268,control,0
269,control,0
270,control,0
271,control,0
272,control,0
273,control,0
274,control,1
275,control,0
276,control,0
277,control,0
278,control,0
279,control,0
280,control,0
281,control,1
282,control,0
283,control,0
284,control,0
285,control,0
286,control,0
287,control,0
288,control,0
289,control,0
290,control,0
291,control,0
292,control,0
293,control,0
294,control,0
295,control,0
296,control,0
297,control,0
298,control,0
299,control,0
300,control,0
301,control,0
302,control,0
303,control,0
304,control,0
305,control,0
306,control,1
307,control,0
308,control,0
309,control,0
310,control,0
311,control,0
312,control,0
313,control,0
314,control,1
315,control,0
316,control,0
317,control,0
318,control,0
319,control,0
320,control,0
321,control,0
322,control,0
323,control,0
324,control,0
325,control,1
326,control,0
327,control,0
328,control,0
329,control,0
330,control,0
331,control,0
332,control,0
333,control,0
334,control,0
335,control,0
336,control,0
337,control,0
338,control,0
339,control,0
340,control,0
341,control,0
342,control,0
343,control,0
344,control,0
345,control,0
346,control,0
347,control,0
348,control,0
349,control,0
350,control,0
351,control,0
352,control,0
353,control,0
354,control,0
355,control,0
356,control,0
357,control,0
358,control,0
359,control,1
360,control,0
361,control,0
362,control,0
363,control,0
364,control,0
365,control,1
366,control,0
367,control,1
368,control,1
369,control,0
370,control,0
371,control,0
372,control,0
373,control,0
374,control,0
375,control,0
376,control,0
377,control,0
378,control,0
379,control,0
380,control,0
381,control,0
382,control,0
383,control,0
384,control,0
385,control,0
386,control,0
387,control,0
388,control,0
389,control,0
390,control,0
391,control,1
392,control,0
393,control,0
394,control,0
395,control,0
396,control,1
397,control,0
398,control,0
399,control,0
400,control,0
401,control,0
402,control,1
403,control,0
404,control,0
405,control,0
406,control,1
407,control,0
408,control,0
409,control,1
410,control,0
411,control,0
412,control,1
413,control,1
414,control,0
415,control,0
416,control,0
417,control,0
418,control,0
419,control,0
420,control,0
421,control,0
422,control,0
423,control,0
424,control,0
425,control,0
426,control,0
427,control,0
428,control,1
429,control,0
430,control,0
431,control,0
432,control,0
433,control,0
434,control,0
435,control,0
436,control,0
437,control,0
438,control,0
439,control,0
440,control,0
441,control,0
442,control,1
443,control,0
444,control,0
445,control,0
446,control,1
447,control,1
448,control,0
449,control,0
450,control,0
451,control,0
452,control,0
453,control,0
454,control,1
455,control,0
456,control,0
457,control,0
458,control,0
459,control,0
460,control,0
461,control,0
462,control,0
463,control,0
464,control,0
465,control,1
466,control,0
467,control,0
468,control,0
469,control,0
470,control,1
471,control,0
472,control,1
473,control,0
474,control,1
475,control,0
476,control,1
477,control,0
478,control,0
479,control,1
480,control,0
481,control,0
482,control,0
483,control,0
484,control,0
485,control,0
486,control,1
487,control,0
488,control,0
489,control,1
490,control,1
491,control,0
492,control,0
493,control,0
494,control,0
495,control,0
496,control,0
497,control,0
498,control,0
499,control,1
500,control,1
501,control,0
502,control,0
503,control,0
504,control,0
505,control,0
506,control,0
507,control,1
508,control,0
509,control,1
510,control,0
511,control,0
512,control,0
513,control,1
514,control,0
515,control,0
516,control,0
517,control,0
518,control,0
519,control,1
520,control,0
521,control,0
522,control,0
523,control,1
524,control,0
525,control,0
526,control,0
527,control,0
528,control,0
529,control,0
530,control,0
531,control,0
532,control,1
533,control,1
534,control,0
535,control,0
536,control,1
537,control,0
538,control,0
539,control,0
540,control,0
541,control,1
542,control,0
543,control,0
544,control,0
545,control,0
546,control,0
547,control,0
548,control,0
549,control,0
550,control,0
551,control,0
552,control,0
553,control,0
554,control,0
555,control,0
556,control,0
557,control,0
558,control,0
559,control,0
560,control,0
561,control,0
562,control,0
563,control,0
564,control,0
565,control,0
566,control,0
567,control,0
568,control,0
569,control,1
570,control,0
571,control,0
572,control,0
573,control,0
574,control,0
575,control,0
576,control,1
577,control,0
578,control,1
579,control,0
580,control,0
581,control,0
582,control,1
583,control,0
584,control,0
585,control,0
586,control,0
587,control,0
588,control,0
589,control,0
590,control,0
591,control,0
592,control,0
593,control,0
594,control,0
595,control,1
596,control,0
597,control,0
598,control,0
599,control,0
600,control,0
601,control,0
602,control,0
603,control,0
604,control,0
605,control,0
606,control,0
607,control,0
608,control,0
609,control,0
610,control,0
611,control,0
612,control,0
613,control,0
614,control,0
615,control,0
616,control,1
617,control,0
618,control,0
619,control,0
620,control,0
621,control,0
622,control,0
623,control,0
624,control,0
625,control,0
626,control,0
627,control,0
628,control,0
629,control,0
630,control,0
631,control,0
632,control,1
633,control,0
634,control,0
635,control,0
636,control,0
637,control,0
638,control,0
639,control,0
640,control,0
641,control,0
642,control,0
643,control,0
644,control,0
645,control,0
646,control,1
647,control,0
648,control,0
649,control,0
650,control,0
651,control,0
652,control,0
653,control,0
654,control,0
655,control,0
656,control,0
657,control,0
658,control,0
659,control,0
660,control,0
661,control,0
662,control,1
663,control,0
664,control,0
665,control,0
666,control,0
667,control,0
668,control,0
669,control,0
670,control,0
671,control,0
672,control,1
673,control,0
674,control,0
675,control,0
676,control,1
677,control,0
678,control,0
679,control,1
680,control,0
681,control,0
682,control,0
683,control,0
684,control,0
685,control,1
686,control,0
687,control,0
688,control,0
689,control,0
690,control,0
691,control,0
692,control,0
693,control,0
694,control,0
695,control,0
696,control,0
697,control,0
698,control,0
699,control,0
700,control,0
701,control,0
702,control,0
703,control,0
704,control,0
705,control,0
706,control,1
707,control,0
708,control,0
709,control,0
710,control,0
711,control,0
712,control,0
713,control,0
714,control,0
715,control,0
716,control,1
717,control,0
718,control,1
719,control,0
720,control,0
721,control,1
722,control,0
723,control,0
724,control,0
725,control,0
726,control,0
727,control,0
728,control,0
729,control,0
730,control,0
731,control,0
732,control,0
733,control,0
734,control,0
735,control,0
736,control,0
737,control,0
738,control,0
739,control,0
740,control,0
741,control,0
742,control,0
743,control,0
744,control,0
745,control,0
746,control,1
747,control,0
748,control,0
749,control,1
750,control,0
751,control,0
752,control,1
753,control,0
754,control,0
755,control,0
756,control,0
757,control,0
758,control,0
759,control,1
760,control,0
761,control,0
762,control,0
763,control,0
764,control,0
765,control,0
766,control,0
767,control,0
768,control,0
769,control,0
770,control,0
771,control,0
772,control,0
773,control,0
774,control,0
775,control,0
776,control,0
777,control,0
778,control,0
779,control,0
780,control,0
781,control,0
782,control,0
783,control,0
784,control,0
785,control,0
786,control,1
787,control,0
788,control,0
789,control,0
790,control,1
791,control,0
792,control,0
793,control,0
794,control,0
795,control,0
796,control,0
797,control,1
798,control,0
799,control,0
800,control,1
801,control,0
802,control,0
803,control,0
804,control,0
805,control,0
806,control,0
807,control,1
808,control,1
809,control,0
810,control,0
811,control,1
812,control,0
813,control,0
814,control,1
815,control,0
816,control,0
817,control,0
818,control,0
819,control,0
820,control,0
821,control,0
822,control,0
823,control,0
824,control,0
825,control,0
826,control,1
827,control,0
828,control,0
829,control,0
830,control,0
831,control,0
832,control,0
833,control,0
834,control,0
835,control,0
836,control,0
837,control,1
838,control,0
839,control,0
840,control,0
841,control,0
842,control,0
843,control,0
844,control,1
845,control,0
846,control,0
847,control,0
848,control,1
849,control,0
850,control,0
851,control,0
852,control,0
853,control,0
854,control,1
855,control,0
856,control,0
857,control,0
858,control,0
859,control,0
860,control,0
861,control,0
862,control,0
863,control,0
864,control,0
865,control,0
866,control,0
867,control,0
868,control,0
869,control,0
870,control,1
871,control,0
872,control,0
873,control,0
874,control,0
875,control,0
876,control,0
877,control,0
878,control,0
879,control,0
880,control,0
881,control,0
882,control,0
883,control,0
884,control,0
885,control,0
886,control,0
887,control,0
888,control,0
889,control,0
890,control,0
891,control,0
892,control,0
893,control,0
894,control,0
895,control,0
896,control,0
897,control,0
898,control,1
899,control,0
900,control,0
901,control,0
902,control,0
903,control,0
904,control,0
905,control,0
906,control,1
907,control,0
908,control,0
909,control,0
910,control,0
911,control,0
912,control,0
913,control,0
914,control,0
915,control,0
916,control,0
917,control,0
918,control,1
919,control,0
920,control,0
921,control,0
922,control,0
923,control,1
924,control,0
925,control,0
926,control,0
927,control,0
928,control,0
929,control,0
930,control,0
931,control,0
932,control,0
933,control,1
934,control,0
935,control,0
936,control,0
937,control,0
938,control,1
939,control,0
940,control,0
941,control,0
942,control,0
943,control,0
944,control,0
945,control,0
946,control,0
947,control,0
948,control,1
949,control,0
950,control,0
951,control,0
952,control,0
953,control,0
954,control,1
955,control,0
956,control,0
957,control,0
958,control,0
959,control,0
960,control,0
961,control,0
962,control,0
963,control,0
964,control,0
965,control,0
966,control,0
967,control,0
968,control,0
969,control,0
970,control,0
971,control,0
972,control,1
973,control,0
974,control,0
975,control,0
976,control,0
977,control,0
978,control,0
979,control,0
980,control,0
981,control,0
982,control,0
983,control,0
984,control,0
985,control,0
986,control,0
987,control,0
988,control,0
989,control,0
990,control,0
991,control,0
992,control,0
993,control,0
994,control,0
995,control,0
996,control,0
997,control,1
998,control,0
999,control,1
1000,control,0
1001,control,0
1002,control,0
1003,control,0
1004,control,0
1005,control,0
1006,control,0
1007,control,0
1008,control,0
1009,control,0
1010,control,0
1011,control,0
1012,control,1
1013,control,1
1014,control,0
1015,control,0
1016,control,1
1017,control,0
1018,control,0
1019,control,1
1020,control,0
1021,control,0
1022,control,0
1023,control,1
1024,control,1
1025,control,1
1026,control,0
1027,control,0
1028,control,0
1029,control,0
1030,control,0
1031,control,0
1032,control,0
1033,control,0
1034,control,0
1035,control,0
1036,control,0
1037,control,0
1038,control,0
1039,control,0
1040,control,0
1041,control,0
1042,control,0
1043,control,0
1044,control,0
1045,control,1
1046,control,0
1047,control,0
1048,control,0
1049,control,0
1050,control,0
1051,control,0
1052,control,0
1053,control,1
1054,control,0
1055,control,1
1056,control,0
1057,control,0
1058,control,0
1059,control,0
1060,control,0
1061,control,0
1062,control,1
1063,control,0
1064,control,0
1065,control,0
1066,control,0
1067,control,0
1068,control,0
1069,control,0
1070,control,0
1071,control,0
1072,control,0
1073,control,0
1074,control,0
1075,control,1
1076,control,0
1077,control,0
1078,control,0
1079,control,0
1080,control,1
1081,control,0
1082,control,0
1083,control,0
1084,control,0
1085,control,1
1086,control,0
1087,control,0
1088,control,0
1089,control,1
1090,control,0
1091,control,1
1092,control,0
1093,control,0
1094,control,0
1095,control,0
1096,control,0
1097,control,0
1098,control,0
1099,control,0
1100,control,0
1101,control,0
1102,control,1
1103,control,1
1104,control,1
1105,control,1
1106,control,0
1107,control,0
1108,control,0
1109,control,0
1110,control,0
1111,control,0
1112,control,0
1113,control,0
1114,control,0
1115,control,0
1116,control,0
1117,control,0
1118,control,0
1119,control,0
1120,control,0
1121,control,1
1122,control,1
1123,control,0
1124,control,0
1125,control,0
1126,control,0
1127,control,0
1128,control,0
1129,control,0
1130,control,0
1131,control,0
1132,control,0
1133,control,0
1134,control,0
1135,control,0
1136,control,0
1137,control,0
1138,control,0
1139,control,0
1140,control,0
1141,control,0
1142,control,0
1143,control,0
1144,control,0
1145,control,0
1146,control,0
1147,control,0
1148,control,0
1149,control,0
1150,control,0
1151,control,0
1152,control,0
1153,control,0
1154,control,0
1155,control,0
1156,control,0
1157,control,0
1158,control,1
1159,control,0
1160,control,0
1161,control,0
1162,control,0
1163,control,0
1164,control,0
1165,control,0
1166,control,0
1167,control,0
1168,control,0
1169,control,0
1170,control,0
1171,control,0
1172,control,1
1173,control,0
1174,control,0
1175,control,0
1176,control,0
1177,control,0
1178,control,0
1179,control,0
1180,control,0
1181,control,1
1182,control,0
1183,control,0
1184,control,1
1185,control,0
1186,control,1
1187,control,0
1188,control,0
1189,control,0
1190,control,0
1191,control,0
1192,control,0
1193,control,0
1194,control,0
1195,control,0
1196,control,0
1197,control,1
1198,control,1
1199,control,0
1200,control,0
1201,control,0
1202,control,0
1203,control,0
1204,control,0
1205,control,0
1206,control,0
1207,control,0
1208,control,0
1209,control,0
1210,control,1
1211,control,0
1212,control,0
1213,control,0
1214,control,0
1215,control,0
1216,control,0
1217,control,0
1218,control,0
1219,control,0
1220,control,0
1221,control,1
1222,control,0
1223,control,0
1224,control,1
1225,control,0
1226,control,0
1227,control,0
1228,control,0
1229,control,1
1230,control,0
1231,control,1
1232,control,0
1233,control,0
1234,control,0
1235,control,0
1236,control,0
1237,control,0
1238,control,0
1239,control,1
1240,control,0
1241,control,0
1242,control,0
1243,control,0
1244,control,0
1245,control,0
1246,control,0
1247,control,0
1248,control,0
1249,control,1
1250,control,0
1251,control,0
1252,control,0
1253,control,0
1254,control,0
1255,control,0
1256,control,0
1257,control,0
1258,control,0
1259,control,0
1260,control,0
1261,control,0
1262,control,0
1263,control,0
1264,control,0
1265,control,0
1266,control,0
1267,control,0
1268,control,0
1269,control,0
1270,control,0
1271,control,0
1272,control,0
1273,control,0
1274,control,0
1275,control,0
1276,control,0
1277,control,0
1278,control,1
1279,control,0
1280,control,0
1281,control,0
1282,control,0
1283,control,0
1284,control,0
1285,control,0
1286,control,0
1287,control,0
1288,control,0
1289,control,0
1290,control,0
1291,control,0
1292,control,0
1293,control,0
1294,control,0
1295,control,0
1296,control,0
1297,control,0
1298,control,0
1299,control,0
1300,control,0
1301,control,0
1302,control,1
1303,control,0
1304,control,0
1305,control,0
1306,control,0
1307,control,0
1308,control,0
1309,control,0
1310,control,0
1311,control,0
1312,control,1
1313,control,0
1314,control,0
1315,control,0
1316,control,0
1317,control,0
1318,control,0
1319,control,0
1320,control,0
1321,control,0
1322,control,0
1323,control,0
1324,control,0
1325,control,1
1326,control,0
1327,control,0
1328,control,0
1329,control,0
1330,control,0
1331,control,0
1332,control,0
1333,control,0
1334,control,1
1335,control,1
1336,control,0
1337,control,0
1338,control,0
1339,control,0
1340,control,0
1341,control,0
1342,control,0
1343,control,0
1344,control,0
1345,control,0
1346,control,0
1347,control,0
1348,control,0
1349,control,1
1350,control,0
1351,control,0
1352,control,0
1353,control,0
1354,control,0
1355,control,0
1356,control,0
1357,control,1
1358,control,0
1359,control,0
1360,control,0
1361,control,1
1362,control,0
1363,control,0
1364,control,0
1365,control,0
1366,control,0
1367,control,0
1368,control,1
1369,control,0
1370,control,0
1371,control,1
1372,control,0
1373,control,0
1374,control,0
1375,control,0
1376,control,0
1377,control,0
1378,control,0
1379,control,0
1380,control,0
1381,control,0
1382,control,0
1383,control,1
1384,control,0
1385,control,0
1386,control,0
1387,control,0
1388,control,0
1389,control,1
1390,control,0
1391,control,0
1392,control,0
1393,control,0
1394,control,0
1395,control,0
1396,control,0
1397,control,0
1398,control,0
1399,control,0
1400,control,0
1401,control,0
1402,control,0
1403,control,0
1404,control,0
1405,control,0
1406,control,0
1407,control,0
1408,control,0
1409,control,0
1410,control,0
1411,control,0
1412,control,0
1413,control,0
1414,control,0
1415,control,0
1416,control,1
1417,control,0
1418,control,0
1419,control,0
1420,control,1
1421,control,0
1422,control,0
1423,control,0
1424,control,0
1425,control,1
1426,control,1
1427,control,0
1428,control,1
1429,control,0
1430,control,0
1431,control,0
1432,control,0
1433,control,0
1434,control,0
1435,control,0
1436,control,0
1437,control,0
1438,control,0
1439,control,0
1440,control,0
1441,control,1
1442,control,0
1443,control,0
1444,control,0
1445,control,0
1446,control,0
1447,control,0
1448,control,0
1449,control,1
1450,control,0
1451,control,0
1452,control,0
1453,control,0
1454,control,0
1455,control,0
1456,control,1
1457,control,0
1458,control,0
1459,control,0
1460,control,0
1461,control,0
1462,control,0
1463,control,0
1464,control,0
1465,control,1
1466,control,0
1467,control,1
1468,control,0
1469,control,0
1470,control,0
1471,control,0
1472,control,0
1473,control,0
1474,control,0
1475,control,0
1476,control,0
1477,control,0
1478,control,0
1479,control,0
1480,control,0
1481,control,0
1482,control,0
1483,control,0
1484,control,0
1485,control,0
1486,control,0
1487,control,0
1488,control,0
1489,control,0
1490,control,0
1491,control,0
1492,control,0
1493,control,0
1494,control,0
1495,control,0
1496,control,0
1497,control,0
1498,control,0
1499,control,0
1500,control,0
1501,control,0
1502,control,0
1503,control,0
1504,control,0
1505,control,0
1506,control,0
1507,control,0
1508,control,0
1509,control,0
1510,control,0
1511,control,0
1512,control,0
1513,control,1
1514,control,0
1515,control,0
1516,control,0
1517,control,0
1518,control,1
1519,control,0
1520,control,1
1521,control,0
1522,control,1
1523,control,0
1524,control,0
1525,control,0
1526,control,0
1527,control,0
1528,control,0
1529,control,0
1530,control,0
1531,control,0
1532,control,0
1533,control,0
1534,control,0
1535,control,0
1536,control,0
1537,control,0
1538,control,0
1539,control,0
1540,control,0
1541,control,0
1542,control,0
1543,control,0
1544,control,0
1545,control,1
1546,control,0
1547,control,0
1548,control,0
1549,control,0
1550,control,0
1551,control,1
1552,control,0
1553,control,0
1554,control,1
1555,control,0
1556,control,0
1557,control,0
1558,control,0
1559,control,0
1560,control,1
1561,control,0
1562,control,0
1563,control,0
1564,control,0
1565,control,0
1566,control,0
1567,control,0
1568,control,0
1569,control,0
1570,control,0
1571,control,0
1572,control,0
1573,control,0
1574,control,0
1575,control,0
1576,control,0
1577,control,0
1578,control,0
1579,control,0
1580,control,0
1581,control,0
1582,control,0
1583,control,0
1584,control,0
1585,control,1
1586,control,0
1587,control,0
1588,control,0
1589,control,0
1590,control,0
1591,control,0
1592,control,1
1593,control,0
1594,control,0
1595,control,0
1596,control,0
1597,control,0
1598,control,0
1599,control,0
1600,control,1
1601,control,0
1602,control,0
1603,control,0
1604,control,0
1605,control,0
1606,control,0
1607,control,0
1608,control,0
1609,control,0
1610,control,0
1611,control,1
1612,control,0
1613,control,0
1614,control,0
1615,control,0
1616,control,0
1617,control,1
1618,control,0
1619,control,0
1620,control,0
1621,control,0
1622,control,0
1623,control,0
1624,control,1
1625,control,0
1626,control,0
1627,control,0
1628,control,0
1629,control,0
1630,control,0
1631,control,0
1632,control,0
1633,control,0
1634,control,0
1635,control,1
1636,control,0
1637,control,0
1638,control,0
1639,control,1
1640,control,1
1641,control,0
1642,control,0
1643,control,0
1644,control,0
1645,control,0
1646,control,0
1647,control,0
1648,control,0
1649,control,0
1650,control,0
1651,control,0
1652,control,0
1653,control,0
1654,control,0
1655,control,0
1656,control,1
1657,control,0
1658,control,0
1659,control,0
1660,control,0
1661,control,0
1662,control,0
1663,control,1
1664,control,0
1665,control,1
1666,control,0
1667,control,0
1668,control,1
1669,control,0
1670,control,0
1671,control,0
1672,control,0
1673,control,0
1674,control,0
1675,control,0
1676,control,0
1677,control,0
1678,control,0
1679,control,0
1680,control,0
1681,control,0
1682,control,1
1683,control,0
1684,control,0
1685,control,0
1686,control,0
1687,control,1
1688,control,0
1689,control,0
1690,control,0
1691,control,0
1692,control,0
1693,control,0
1694,control,0
1695,control,0
1696,control,0
1697,control,0
1698,control,0
1699,control,1
1700,control,0
1701,control,1
1702,control,0
1703,control,0
1704,control,0
1705,control,0
1706,control,0
1707,control,0
1708,control,0
1709,control,0
1710,control,0
1711,control,0
1712,control,0
1713,control,0
1714,control,0
1715,control,0
1716,control,1
1717,control,0
1718,control,0
1719,control,1
1720,control,0
1721,control,0
1722,control,0
1723,control,0
1724,control,0
1725,control,0
1726,control,0
1727,control,0
1728,control,1
1729,control,0
1730,control,0
1731,control,0
1732,control,0
1733,control,0
1734,control,0
1735,control,0
1736,control,1
1737,control,0
1738,control,0
1739,control,0
1740,control,0
1741,control,0
1742,control,0
1743,control,0
1744,control,0
1745,control,0
1746,control,0
1747,control,0
1748,control,0
1749,control,0
1750,control,0
1751,control,0
1752,control,0
1753,control,0
1754,control,0
1755,control,1
1756,control,0
1757,control,1
1758,control,0
1759,control,0
1760,control,0
1761,control,0
1762,control,0
1763,control,0
1764,control,0
1765,control,0
1766,control,0
1767,control,0
1768,control,0
1769,control,0
1770,control,0
1771,control,0
1772,control,0
1773,control,1
1774,control,1
1775,control,0
1776,control,0
1777,control,0
1778,control,0
1779,control,0
1780,control,0
1781,control,0
1782,control,1
1783,control,0
1784,control,0
1785,control,0
1786,control,1
1787,control,0
1788,control,0
1789,control,0
1790,control,0
1791,control,0
1792,control,0
1793,control,0
1794,control,0
1795,control,0
1796,control,0
1797,control,0
1798,control,0
1799,control,0
1800,control,0
1801,control,1
1802,control,0
1803,control,0
1804,control,0
1805,control,0
1806,control,0
1807,control,0
1808,control,0
1809,control,0
1810,control,0
1811,control,0
1812,control,0
1813,control,0
1814,control,0
1815,control,0
1816,control,1
1817,control,0
1818,control,0
1819,control,0
1820,control,0
1821,control,0
1822,control,0
1823,control,0
1824,control,0
1825,control,0
1826,control,0
1827,control,0
1828,control,1
1829,control,0
1830,control,0
1831,control,1
1832,control,0
1833,control,0
1834,control,0
1835,control,0
1836,control,0
1837,control,0
1838,control,0
1839,control,1
1840,control,0
1841,control,0
1842,control,0
1843,control,0
1844,control,0
1845,control,1
1846,control,0
1847,control,0
1848,control,0
1849,control,1
1850,control,0
1851,control,0
1852,control,0
1853,control,0
1854,control,0
1855,control,1
1856,control,0
1857,control,0
1858,control,0
1859,control,0
1860,control,0
1861,control,0
1862,control,0
1863,control,0
1864,control,0
1865,control,1
1866,control,1
1867,control,0
1868,control,0
1869,control,0
1870,control,0
1871,control,0
1872,control,0
1873,control,0
1874,control,0
1875,control,0
1876,control,0
1877,control,0
1878,control,0
1879,control,0
1880,control,0
1881,control,0
1882,control,0
1883,control,0
1884,control,0
1885,control,0
1886,control,0
1887,control,0
1888,control,0
1889,control,0
1890,control,1
1891,control,0
1892,control,0
1893,control,0
1894,control,0
1895,control,0
1896,control,0
1897,control,0
1898,control,0
1899,control,0
1900,control,0
1901,control,0
1902,control,0
1903,control,0
1904,control,0
1905,control,0
1906,control,0
1907,control,1
1908,control,0
1909,control,0
1910,control,0
1911,control,0
1912,control,0
1913,control,1
1914,control,0
1915,control,0
1916,control,0
1917,control,1
1918,control,0
1919,control,0
1920,control,0
1921,control,0
1922,control,0
1923,control,0
1924,control,0
1925,control,0
1926,control,0
1927,control,0
1928,control,0
1929,control,0
1930,control,0
1931,control,0
1932,control,0
1933,control,0
1934,control,0
1935,control,0
1936,control,0
1937,control,0
1938,control,0
1939,control,0
1940,control,0
1941,control,0
1942,control,0
1943,control,0
1944,control,0
1945,control,0
1946,control,0
1947,control,0
1948,control,0
1949,control,0
1950,control,0
1951,control,0
1952,control,0
1953,control,0
1954,control,0
1955,control,1
1956,control,1
1957,control,0
1958,control,0
1959,control,0
1960,control,0
1961,control,0
1962,control,0
1963,control,0
1964,control,0
1965,control,0
1966,control,0
1967,control,0
1968,control,0
1969,control,0
1970,control,0
1971,control,0
1972,control,0
1973,control,0
1974,control,0
1975,control,0
1976,control,1
1977,control,0
1978,control,0
1979,control,0
1980,control,0
1981,control,0
1982,control,0
1983,control,0
1984,control,0
1985,control,0
1986,control,0
1987,control,0
1988,control,0
1989,control,0
1990,control,0
1991,control,0
1992,control,0
1993,control,0
1994,control,0
1995,control,0
1996,control,0
1997,control,1
1998,control,0
1999,control,0
2000,control,0
2001,test,0
2002,test,0
2003,test,1
2004,test,0
2005,test,0
2006,test,0
2007,test,0
2008,test,0
2009,test,0
2010,test,0
2011,test,0
2012,test,0
2013,test,1
2014,test,0
2015,test,0
2016,test,0
2017,test,0
2018,test,1
2019,test,0
2020,test,0
2021,test,1
2022,test,0
2023,test,1
2024,test,0
2025,test,0
2026,test,0
2027,test,0
2028,test,1
2029,test,0
2030,test,0
2031,test,0
2032,test,0
2033,test,0
2034,test,1
2035,test,0
2036,test,0
2037,test,0
2038,test,0
2039,test,0
2040,test,0
2041,test,0
2042,test,0
2043,test,0
2044,test,0
2045,test,1
2046,test,0
2047,test,0
2048,test,0
2049,test,0
2050,test,0
2051,test,0
2052,test,0
2053,test,0
2054,test,1
2055,test,0
2056,test,0
2057,test,0
2058,test,0
2059,test,0
2060,test,0
2061,test,0
2062,test,0
2063,test,0
2064,test,0
2065,test,0
2066,test,0
2067,test,0
2068,test,0
2069,test,0
2070,test,0
2071,test,0
2072,test,0
2073,test,0
2074,test,1
2075,test,1
2076,test,1
2077,test,0
2078,test,0
2079,test,1
2080,test,0
2081,test,0
2082,test,0
2083,test,0
2084,test,1
2085,test,0
2086,test,0
2087,test,0
2088,test,0
2089,test,0
2090,test,0
2091,test,0
2092,test,1
2093,test,0
2094,test,0
2095,test,0
2096,test,0
2097,test,0
2098,test,0
2099,test,0
2100,test,0
2101,test,1
2102,test,0
2103,test,0
2104,test,0
2105,test,0
2106,test,0
2107,test,0
2108,test,1
2109,test,0
2110,test,1
2111,test,0
2112,test,0
2113,test,0
2114,test,1
2115,test,0
2116,test,0
2117,test,0
2118,test,0
2119,test,0
2120,test,1
2121,test,0
2122,test,0
2123,test,1
2124,test,0
2125,test,1
2126,test,0
2127,test,0
2128,test,0
2129,test,1
2130,test,0
2131,test,0
2132,test,0
2133,test,0
2134,test,0
2135,test,0
2136,test,1
2137,test,0
2138,test,0
2139,test,0
2140,test,0
2141,test,0
2142,test,0
2143,test,0
2144,test,0
2145,test,0
2146,test,0
2147,test,0
2148,test,0
2149,test,0
2150,test,0
2151,test,0
2152,test,0
2153,test,0
2154,test,0
2155,test,0
2156,test,0
2157,test,0
2158,test,0
2159,test,0
2160,test,0
2161,test,0
2162,test,0
2163,test,0
2164,test,0
2165,test,0
2166,test,1
2167,test,0
2168,test,0
2169,test,0
2170,test,0
2171,test,0
2172,test,0
2173,test,0
2174,test,0
2175,test,0
2176,test,0
2177,test,0
2178,test,0
2179,test,0
2180,test,0
2181,test,0
2182,test,0
2183,test,0
2184,test,0
2185,test,0
2186,test,1
2187,test,1
2188,test,0
2189,test,0
2190,test,0
2191,test,0
2192,test,1
2193,test,0
2194,test,0
2195,test,0
2196,test,0
2197,test,0
2198,test,1
2199,test,0
2200,test,0
2201,test,1
2202,test,0
2203,test,0
2204,test,0
2205,test,0
2206,test,1
2207,test,0
2208,test,0
2209,test,0
2210,test,1
2211,test,0
2212,test,0
2213,test,0
2214,test,1
2215,test,0
2216,test,0
2217,test,0
2218,test,0
2219,test,1
2220,test,0
2221,test,0
2222,test,0
2223,test,0
2224,test,0
2225,test,0
2226,test,0
2227,test,0
2228,test,0
2229,test,0
2230,test,0
2231,test,0
2232,test,0
2233,test,1
2234,test,0
2235,test,0
2236,test,0
2237,test,1
2238,test,0
2239,test,0
2240,test,0
2241,test,0
2242,test,0
2243,test,0
2244,test,1
2245,test,0
2246,test,0
2247,test,0
2248,test,0
2249,test,0
2250,test,0
2251,test,0
2252,test,1
2253,test,0
2254,test,0
2255,test,1
2256,test,0
2257,test,0
2258,test,0
2259,test,0
2260,test,0
2261,test,0
2262,test,0
2263,test,1
2264,test,0
2265,test,0
2266,test,0
2267,test,0
2268,test,0
2269,test,0
2270,test,0
2271,test,0
2272,test,0
2273,test,0
2274,test,0
2275,test,1
2276,test,0
2277,test,0
2278,test,0
2279,test,0
2280,test,0
2281,test,0
2282,test,0
2283,test,0
2284,test,0
2285,test,0
2286,test,0
2287,test,1
2288,test,0
2289,test,0
2290,test,0
2291,test,0
2292,test,0
2293,test,0
2294,test,0
2295,test,0
2296,test,0
2297,test,0
2298,test,0
2299,test,0
2300,test,0
2301,test,0
2302,test,0
2303,test,0
2304,test,0
2305,test,1
2306,test,0
2307,test,0
2308,test,0
2309,test,0
2310,test,0
2311,test,0
2312,test,1
2313,test,0
2314,test,0
2315,test,1
2316,test,0
2317,test,0
2318,test,0
2319,test,0
2320,test,0
2321,test,1
2322,test,0
2323,test,0
2324,test,0
2325,test,0
2326,test,1
2327,test,0
2328,test,0
2329,test,0
2330,test,0
2331,test,0
2332,test,0
2333,test,0
2334,test,0
2335,test,0
2336,test,0
2337,test,0
2338,test,0
2339,test,0
2340,test,0
2341,test,0
2342,test,0
2343,test,0
2344,test,0
2345,test,1
2346,test,0
2347,test,0
2348,test,0
2349,test,0
2350,test,0
2351,test,0
2352,test,1
2353,test,0
2354,test,1
2355,test,0
2356,test,0
2357,test,1
2358,test,0
2359,test,0
2360,test,0
2361,test,0
2362,test,0
2363,test,0
2364,test,0
2365,test,0
2366,test,0
2367,test,0
2368,test,0
2369,test,0
2370,test,0
2371,test,0
2372,test,0
2373,test,0
2374,test,0
2375,test,0
2376,test,0
2377,test,0
2378,test,0
2379,test,0
2380,test,0
2381,test,0
2382,test,0
2383,test,1
2384,test,0
2385,test,0
2386,test,0
2387,test,0
2388,test,0
2389,test,0
2390,test,0
2391,test,0
2392,test,0
2393,test,0
2394,test,0
2395,test,1
2396,test,0
2397,test,0
2398,test,0
2399,test,0
2400,test,0
2401,test,0
2402,test,0
2403,test,0
2404,test,0
2405,test,0
2406,test,0
2407,test,0
2408,test,0
2409,test,1
2410,test,0
2411,test,0
2412,test,0
2413,test,0
2414,test,0
2415,test,0
2416,test,1
2417,test,0
2418,test,0
2419,test,0
2420,test,0
2421,test,0
2422,test,0
2423,test,0
2424,test,0
2425,test,0
2426,test,1
2427,test,0
2428,test,1
2429,test,0
2430,test,1
2431,test,0
2432,test,0
2433,test,1
2434,test,0
2435,test,1
2436,test,0
2437,test,0
2438,test,0
2439,test,0
2440,test,0
2441,test,0
2442,test,0
2443,test,0
2444,test,0
2445,test,0
2446,test,0
2447,test,0
2448,test,0
2449,test,0
2450,test,0
2451,test,0
2452,test,1
2453,test,0
2454,test,0
2455,test,0
2456,test,0
2457,test,0
2458,test,0
2459,test,0
2460,test,0
2461,test,1
2462,test,1
2463,test,0
2464,test,0
2465,test,0
2466,test,0
2467,test,0
2468,test,0
2469,test,0
2470,test,0
2471,test,0
2472,test,1
2473,test,1
2474,test,0
2475,test,0
2476,test,1
2477,test,0
2478,test,0
2479,test,0
2480,test,0
2481,test,0
2482,test,1
2483,test,1
2484,test,0
2485,test,0
2486,test,1
2487,test,0
2488,test,1
2489,test,0
2490,test,0
2491,test,0
2492,test,0
2493,test,0
2494,test,0
2495,test,0
2496,test,0
2497,test,0
2498,test,1
2499,test,1
2500,test,0
2501,test,0
2502,test,0
2503,test,0
2504,test,1
2505,test,0
2506,test,0
2507,test,0
2508,test,0
2509,test,0
2510,test,1
2511,test,0
2512,test,1
2513,test,0
2514,test,0
2515,test,0
2516,test,1
2517,test,0
2518,test,0
2519,test,0
2520,test,0
2521,test,0
2522,test,0
2523,test,0
2524,test,0
2525,test,0
2526,test,0
2527,test,0
2528,test,1
2529,test,0
2530,test,1
2531,test,0
2532,test,0
2533,test,0
2534,test,0
2535,test,0
2536,test,0
2537,test,0
2538,test,0
2539,test,0
2540,test,0
2541,test,0
2542,test,0
2543,test,0
2544,test,0
2545,test,0
2546,test,0
2547,test,0
2548,test,0
2549,test,0
2550,test,0
2551,test,0
2552,test,0
2553,test,0
2554,test,1
2555,test,0
2556,test,1
2557,test,0
2558,test,0
2559,test,0
2560,test,0
2561,test,0
2562,test,0
2563,test,0
2564,test,0
2565,test,0
2566,test,0
2567,test,0
2568,test,0
2569,test,0
2570,test,1
2571,test,0
2572,test,1
2573,test,0
2574,test,0
2575,test,0
2576,test,0
2577,test,1
2578,test,0
2579,test,0
2580,test,0
2581,test,0
2582,test,1
2583,test,0
2584,test,0
2585,test,0
2586,test,0
2587,test,0
2588,test,0
2589,test,0
2590,test,0
2591,test,0
2592,test,0
2593,test,0
2594,test,0
2595,test,0
2596,test,0
2597,test,0
2598,test,0
2599,test,0
2600,test,0
2601,test,0
2602,test,0
2603,test,0
2604,test,0
2605,test,0
2606,test,0
2607,test,0
2608,test,0
2609,test,0
2610,test,0
2611,test,0
2612,test,0
2613,test,0
2614,test,0
2615,test,0
2616,test,0
2617,test,0
2618,test,0
2619,test,0
2620,test,0
2621,test,0
2622,test,1
2623,test,0
2624,test,1
2625,test,0
2626,test,1
2627,test,0
2628,test,0
2629,test,0
2630,test,0
2631,test,0
2632,test,0
2633,test,0
2634,test,0
2635,test,0
2636,test,0
2637,test,1
2638,test,0
2639,test,1
2640,test,0
2641,test,0
2642,test,0
2643,test,0
2644,test,0
2645,test,0
2646,test,0
2647,test,1
2648,test,0
2649,test,0
2650,test,0
2651,test,0
2652,test,0
2653,test,0
2654,test,0
2655,test,0
2656,test,0
2657,test,0
2658,test,0
2659,test,0
2660,test,0
2661,test,0
2662,test,1
2663,test,0
2664,test,0
2665,test,0
2666,test,0
2667,test,0
2668,test,0
2669,test,0
2670,test,0
2671,test,0
2672,test,0
2673,test,0
2674,test,0
2675,test,1
2676,test,0
2677,test,0
2678,test,0
2679,test,0
2680,test,0
2681,test,0
2682,test,0
2683,test,0
2684,test,0
2685,test,0
2686,test,0
2687,test,0
2688,test,0
2689,test,0
2690,test,0
2691,test,0
2692,test,0
2693,test,0
2694,test,0
2695,test,1
2696,test,0
2697,test,0
2698,test,0
2699,test,0
2700,test,0
2701,test,0
2702,test,1
2703,test,0
2704,test,0
2705,test,0
2706,test,0
2707,test,0
2708,test,0
2709,test,0
2710,test,0
2711,test,0
2712,test,0
2713,test,0
2714,test,0
2715,test,0
2716,test,0
2717,test,0
2718,test,1
2719,test,0
2720,test,0
2721,test,1
2722,test,0
2723,test,0
2724,test,0
2725,test,0
2726,test,0
2727,test,0
2728,test,0
2729,test,0
2730,test,0
2731,test,0
2732,test,0
2733,test,0
2734,test,1
2735,test,1
2736,test,0
2737,test,1
2738,test,0
2739,test,1
2740,test,0
2741,test,0
2742,test,0
2743,test,0
2744,test,0
2745,test,0
2746,test,0
2747,test,0
2748,test,0
2749,test,0
2750,test,0
2751,test,0
2752,test,0
2753,test,0
2754,test,0
2755,test,1
2756,test,0
2757,test,0
2758,test,1
2759,test,0
2760,test,0
2761,test,0
2762,test,0
2763,test,0
2764,test,0
2765,test,0
2766,test,1
2767,test,0
2768,test,0
2769,test,0
2770,test,0
2771,test,0
2772,test,0
2773,test,0
2774,test,0
2775,test,0
2776,test,0
2777,test,0
2778,test,0
2779,test,0
2780,test,0
2781,test,0
2782,test,0
2783,test,1
2784,test,0
2785,test,0
2786,test,0
2787,test,1
2788,test,0
2789,test,1
2790,test,1
2791,test,0
2792,test,1
2793,test,0
2794,test,0
2795,test,0
2796,test,0
2797,test,0
2798,test,0
2799,test,1
2800,test,0
2801,test,0
2802,test,1
2803,test,1
2804,test,1
2805,test,0
2806,test,1
2807,test,0
2808,test,0
2809,test,0
2810,test,0
2811,test,0
2812,test,0
2813,test,0
2814,test,0
2815,test,0
2816,test,0
2817,test,0
2818,test,0
2819,test,0
2820,test,0
2821,test,1
2822,test,0
2823,test,0
2824,test,0
2825,test,0
2826,test,0
2827,test,0
2828,test,0
2829,test,0
2830,test,0
2831,test,0
2832,test,0
2833,test,0
2834,test,0
2835,test,0
2836,test,1
2837,test,1
2838,test,0
2839,test,0
2840,test,0
2841,test,0
2842,test,0
2843,test,1
2844,test,1
2845,test,0
2846,test,0
2847,test,0
2848,test,0
2849,test,0
2850,test,0
2851,test,0
2852,test,0
2853,test,0
2854,test,1
2855,test,0
2856,test,0
2857,test,0
2858,test,0
2859,test,0
2860,test,0
2861,test,1
2862,test,0
2863,test,1
2864,test,0
2865,test,0
2866,test,0
2867,test,0
2868,test,0
2869,test,0
2870,test,0
2871,test,1
2872,test,1
2873,test,1
2874,test,0
2875,test,0
2876,test,0
2877,test,0
2878,test,0
2879,test,0
2880,test,0
2881,test,0
2882,test,0
2883,test,0
2884,test,0
2885,test,0
2886,test,1
2887,test,0
2888,test,0
2889,test,0
2890,test,0
2891,test,0
2892,test,0
2893,test,0
2894,test,0
2895,test,0
2896,test,1
2897,test,0
2898,test,0
2899,test,0
2900,test,0
2901,test,0
2902,test,0
2903,test,0
2904,test,0
2905,test,0
2906,test,0
2907,test,1
2908,test,0
2909,test,0
2910,test,0
2911,test,0
2912,test,0
2913,test,0
2914,test,1
2915,test,0
2916,test,0
2917,test,0
2918,test,0
2919,test,0
2920,test,0
2921,test,0
2922,test,0
2923,test,0
2924,test,0
2925,test,0
2926,test,1
2927,test,0
2928,test,1
2929,test,0
2930,test,0
2931,test,0
2932,test,0
2933,test,0
2934,test,0
2935,test,0
2936,test,0
2937,test,0
2938,test,0
2939,test,1
2940,test,0
2941,test,0
2942,test,0
2943,test,0
2944,test,0
2945,test,0
2946,test,0
2947,test,0
2948,test,0
2949,test,0
2950,test,1
2951,test,0
2952,test,0
2953,test,0
2954,test,0
2955,test,1
2956,test,0
2957,test,0
2958,test,1
2959,test,0
2960,test,0
2961,test,0
2962,test,0
2963,test,0
2964,test,1
2965,test,0
2966,test,0
2967,test,0
2968,test,0
2969,test,1
2970,test,0
2971,test,0
2972,test,0
2973,test,0
2974,test,0
2975,test,0
2976,test,0
2977,test,0
2978,test,0
2979,test,0
2980,test,1
2981,test,0
2982,test,0
2983,test,0
2984,test,0
2985,test,0
2986,test,1
2987,test,0
2988,test,0
2989,test,0
2990,test,1
2991,test,0
2992,test,0
2993,test,0
2994,test,0
2995,test,0
2996,test,1
2997,test,0
2998,test,0
2999,test,0
3000,test,1
3001,test,0
3002,test,0
3003,test,0
3004,test,0
3005,test,0
3006,test,0
3007,test,1
3008,test,0
3009,test,0
3010,test,0
3011,test,0
3012,test,0
3013,test,0
3014,test,0
3015,test,0
3016,test,0
3017,test,0
3018,test,0
3019,test,0
3020,test,0
3021,test,0
3022,test,0
3023,test,0
3024,test,0
3025,test,0
3026,test,0
3027,test,1
3028,test,0
3029,test,0
3030,test,0
3031,test,0
3032,test,0
3033,test,0
3034,test,0
3035,test,0
3036,test,0
3037,test,0
3038,test,1
3039,test,0
3040,test,0
3041,test,0
3042,test,1
3043,test,0
3044,test,0
3045,test,0
3046,test,0
3047,test,0
3048,test,0
3049,test,0
3050,test,0
3051,test,0
3052,test,0
3053,test,0
3054,test,0
3055,test,0
3056,test,1
3057,test,0
3058,test,0
3059,test,0
3060,test,1
3061,test,0
3062,test,0
3063,test,0
3064,test,0
3065,test,0
3066,test,0
3067,test,0
3068,test,1
3069,test,0
3070,test,0
3071,test,0
3072,test,0
3073,test,0
3074,test,0
3075,test,0
3076,test,1
3077,test,1
3078,test,0
3079,test,0
3080,test,1
3081,test,0
3082,test,1
3083,test,0
3084,test,0
3085,test,0
3086,test,0
3087,test,0
3088,test,0
3089,test,0
3090,test,0
3091,test,0
3092,test,1
3093,test,0
3094,test,0
3095,test,0
3096,test,0
3097,test,1
3098,test,0
3099,test,0
3100,test,0
3101,test,0
3102,test,0
3103,test,1
3104,test,0
3105,test,0
3106,test,0
3107,test,0
3108,test,0
3109,test,0
3110,test,0
3111,test,0
3112,test,0
3113,test,0
3114,test,0
3115,test,0
3116,test,1
3117,test,0
3118,test,0
3119,test,0
3120,test,0
3121,test,0
3122,test,0
3123,test,0
3124,test,0
3125,test,0
3126,test,0
3127,test,0
3128,test,0
3129,test,1
3130,test,0
3131,test,0
3132,test,0
3133,test,1
3134,test,0
3135,test,0
3136,test,0
3137,test,0
3138,test,0
3139,test,0
3140,test,0
3141,test,0
3142,test,1
3143,test,0
3144,test,0
3145,test,0
3146,test,0
3147,test,1
3148,test,0
3149,test,0
3150,test,0
3151,test,0
3152,test,0
3153,test,0
3154,test,0
3155,test,0
3156,test,0
3157,test,1
3158,test,0
3159,test,0
3160,test,0
3161,test,0
3162,test,0
3163,test,0
3164,test,0
3165,test,0
3166,test,0
3167,test,1
3168,test,0
3169,test,0
3170,test,0
3171,test,0
3172,test,0
3173,test,0
3174,test,0
3175,test,0
3176,test,0
3177,test,0
3178,test,1
3179,test,0
3180,test,0
3181,test,0
3182,test,0
3183,test,0
3184,test,0
3185,test,0
3186,test,0
3187,test,0
3188,test,0
3189,test,0
3190,test,0
3191,test,0
3192,test,1
3193,test,1
3194,test,0
3195,test,0
3196,test,0
3197,test,1
3198,test,1
3199,test,0
3200,test,0
3201,test,0
3202,test,0
3203,test,0
3204,test,0
3205,test,0
3206,test,0
3207,test,0
3208,test,0
3209,test,0
3210,test,0
3211,test,0
3212,test,0
3213,test,0
3214,test,0
3215,test,0
3216,test,0
3217,test,0
3218,test,0
3219,test,0
3220,test,0
3221,test,0
3222,test,0
3223,test,0
3224,test,0
3225,test,0
3226,test,1
3227,test,0
3228,test,0
3229,test,0
3230,test,0
3231,test,0
3232,test,0
3233,test,0
3234,test,0
3235,test,0
3236,test,0
3237,test,0
3238,test,1
3239,test,0
3240,test,0
3241,test,0
3242,test,0
3243,test,0
3244,test,0
3245,test,0
3246,test,0
3247,test,0
3248,test,0
3249,test,1
3250,test,0
3251,test,0
3252,test,0
3253,test,0
3254,test,0
3255,test,0
3256,test,0
3257,test,0
3258,test,0
3259,test,0
3260,test,1
3261,test,0
3262,test,0
3263,test,0
3264,test,0
3265,test,0
3266,test,0
3267,test,0
3268,test,0
3269,test,0
3270,test,0
3271,test,0
3272,test,0
3273,test,0
3274,test,0
3275,test,0
3276,test,0
3277,test,0
3278,test,0
3279,test,0
3280,test,0
3281,test,0
3282,test,0
3283,test,0
3284,test,1
3285,test,0
3286,test,0
3287,test,0
3288,test,0
3289,test,1
3290,test,0
3291,test,0
3292,test,1
3293,test,0
3294,test,0
3295,test,1
3296,test,0
3297,test,0
3298,test,0
3299,test,0
3300,test,0
3301,test,0
3302,test,1
3303,test,0
3304,test,0
3305,test,0
3306,test,0
3307,test,0
3308,test,0
3309,test,0
3310,test,0
3311,test,0
3312,test,0
3313,test,0
3314,test,0
3315,test,0
3316,test,0
3317,test,0
3318,test,0
3319,test,0
3320,test,0
3321,test,0
3322,test,0
3323,test,0
3324,test,0
3325,test,0
3326,test,0
3327,test,0
3328,test,0
3329,test,0
3330,test,0
3331,test,0
3332,test,0
3333,test,0
3334,test,0
3335,test,1
3336,test,0
3337,test,1
3338,test,0
3339,test,0
3340,test,0
3341,test,1
3342,test,0
3343,test,0
3344,test,0
3345,test,0
3346,test,0
3347,test,0
3348,test,0
3349,test,0
3350,test,0
3351,test,0
3352,test,0
3353,test,1
3354,test,0
3355,test,0
3356,test,0
3357,test,0
3358,test,0
3359,test,0
3360,test,0
3361,test,0
3362,test,0
3363,test,0
3364,test,0
3365,test,1
3366,test,0
3367,test,0
3368,test,0
3369,test,0
3370,test,0
3371,test,0
3372,test,0
3373,test,0
3374,test,0
3375,test,0
3376,test,0
3377,test,0
3378,test,0
3379,test,0
3380,test,0
3381,test,0
3382,test,0
3383,test,0
3384,test,0
3385,test,0
3386,test,1
3387,test,0
3388,test,0
3389,test,0
3390,test,0
3391,test,0
3392,test,1
3393,test,1
3394,test,0
3395,test,1
3396,test,1
3397,test,0
3398,test,0
3399,test,0
3400,test,0
3401,test,0
3402,test,0
3403,test,1
3404,test,0
3405,test,0
3406,test,0
3407,test,0
3408,test,1
3409,test,0
3410,test,0
3411,test,0
3412,test,0
3413,test,0
3414,test,0
3415,test,0
3416,test,0
3417,test,0
3418,test,0
3419,test,0
3420,test,0
3421,test,0
3422,test,0
3423,test,0
3424,test,0
3425,test,0
3426,test,0
3427,test,0
3428,test,0
3429,test,1
3430,test,0
3431,test,0
3432,test,1
3433,test,0
3434,test,0
3435,test,0
3436,test,0
3437,test,0
3438,test,0
3439,test,1
3440,test,1
3441,test,0
3442,test,0
3443,test,0
3444,test,1
3445,test,1
3446,test,0
3447,test,0
3448,test,0
3449,test,0
3450,test,0
3451,test,0
3452,test,0
3453,test,0
3454,test,0
3455,test,1
3456,test,0
3457,test,0
3458,test,0
3459,test,0
3460,test,0
3461,test,0
3462,test,0
3463,test,0
3464,test,0
3465,test,0
3466,test,0
3467,test,0
3468,test,0
3469,test,0
3470,test,0
3471,test,0
3472,test,0
3473,test,0
3474,test,0
3475,test,0
3476,test,0
3477,test,1
3478,test,0
3479,test,0
3480,test,0
3481,test,0
3482,test,0
3483,test,0
3484,test,1
3485,test,0
3486,test,0
3487,test,0
3488,test,0
3489,test,0
3490,test,0
3491,test,0
3492,test,0
3493,test,1
3494,test,1
3495,test,0
3496,test,0
3497,test,1
3498,test,1
3499,test,0
3500,test,0
3501,test,0
3502,test,0
3503,test,1
3504,test,0
3505,test,1
3506,test,0
3507,test,1
3508,test,0
3509,test,0
3510,test,0
3511,test,0
3512,test,0
3513,test,1
3514,test,0
3515,test,0
3516,test,1
3517,test,0
3518,test,0
3519,test,0
3520,test,0
3521,test,0
3522,test,0
3523,test,0
3524,test,0
3525,test,0
3526,test,0
3527,test,1
3528,test,0
3529,test,1
3530,test,0
3531,test,0
3532,test,0
3533,test,0
3534,test,0
3535,test,0
3536,test,0
3537,test,0
3538,test,0
3539,test,0
3540,test,0
3541,test,0
3542,test,0
3543,test,0
3544,test,0
3545,test,1
3546,test,0
3547,test,0
3548,test,0
3549,test,0
3550,test,0
3551,test,0
3552,test,0
3553,test,0
3554,test,0
3555,test,0
3556,test,0
3557,test,0
3558,test,0
3559,test,0
3560,test,0
3561,test,0
3562,test,0
3563,test,0
3564,test,0
3565,test,0
3566,test,0
3567,test,0
3568,test,0
3569,test,0
3570,test,1
3571,test,0
3572,test,0
3573,test,0
3574,test,1
3575,test,1
3576,test,0
3577,test,0
3578,test,0
3579,test,0
3580,test,0
3581,test,0
3582,test,0
3583,test,0
3584,test,0
3585,test,0
3586,test,0
3587,test,0
3588,test,0
3589,test,0
3590,test,0
3591,test,1
3592,test,0
3593,test,0
3594,test,0
3595,test,0
3596,test,0
3597,test,0
3598,test,0
3599,test,0
3600,test,0
3601,test,0
3602,test,0
3603,test,0
3604,test,0
3605,test,0
3606,test,0
3607,test,0
3608,test,0
3609,test,1
3610,test,1
3611,test,0
3612,test,0
3613,test,0
3614,test,0
3615,test,0
3616,test,0
3617,test,0
3618,test,0
3619,test,0
3620,test,0
3621,test,0
3622,test,0
3623,test,0
3624,test,1
3625,test,0
3626,test,0
3627,test,0
3628,test,1
3629,test,0
3630,test,0
3631,test,0
3632,test,0
3633,test,0
3634,test,0
3635,test,0
3636,test,0
3637,test,1
3638,test,0
3639,test,0
3640,test,0
3641,test,0
3642,test,1
3643,test,0
3644,test,0
3645,test,0
3646,test,0
3647,test,0
3648,test,0
3649,test,0
3650,test,1
3651,test,0
3652,test,0
3653,test,0
3654,test,0
3655,test,0
3656,test,0
3657,test,0
3658,test,0
3659,test,0
3660,test,1
3661,test,0
3662,test,0
3663,test,0
3664,test,0
3665,test,0
3666,test,0
3667,test,0
3668,test,0
3669,test,0
3670,test,0
3671,test,0
3672,test,0
3673,test,0
3674,test,0
3675,test,0
3676,test,0
3677,test,0
3678,test,0
3679,test,0
3680,test,0
3681,test,0
3682,test,0
3683,test,0
3684,test,0
3685,test,0
3686,test,0
3687,test,1
3688,test,0
3689,test,0
3690,test,0
3691,test,0
3692,test,0
3693,test,0
3694,test,0
3695,test,0
3696,test,0
3697,test,1
3698,test,0
3699,test,1
3700,test,0
3701,test,0
3702,test,0
3703,test,0
3704,test,0
3705,test,1
3706,test,1
3707,test,0
3708,test,0
3709,test,0
3710,test,1
3711,test,0
3712,test,0
3713,test,0
3714,test,0
3715,test,1
3716,test,0
3717,test,0
3718,test,0
3719,test,0
3720,test,0
3721,test,0
3722,test,0
3723,test,1
3724,test,0
3725,test,0
3726,test,1
3727,test,0
3728,test,0
3729,test,0
3730,test,0
3731,test,0
3732,test,1
3733,test,0
3734,test,0
3735,test,0
3736,test,0
3737,test,0
3738,test,0
3739,test,0
3740,test,0
3741,test,1
3742,test,0
3743,test,0
3744,test,0
3745,test,0
3746,test,0
3747,test,0
3748,test,0
3749,test,0
3750,test,1
3751,test,1
3752,test,1
3753,test,0
3754,test,0
3755,test,0
3756,test,0
3757,test,0
3758,test,0
3759,test,0
3760,test,0
3761,test,0
3762,test,0
3763,test,0
3764,test,0
3765,test,0
3766,test,0
3767,test,0
3768,test,0
3769,test,0
3770,test,0
3771,test,0
3772,test,1
3773,test,0
3774,test,0
3775,test,0
3776,test,1
3777,test,0
3778,test,0
3779,test,0
3780,test,1
3781,test,0
3782,test,0
3783,test,0
3784,test,0
3785,test,0
3786,test,0
3787,test,0
3788,test,0
3789,test,0
3790,test,1
3791,test,0
3792,test,0
3793,test,0
3794,test,0
3795,test,0
3796,test,0
3797,test,0
3798,test,0
3799,test,0
3800,test,0
3801,test,0
3802,test,1
3803,test,0
3804,test,1
3805,test,0
3806,test,1
3807,test,0
3808,test,0
3809,test,0
3810,test,0
3811,test,0
3812,test,0
3813,test,0
3814,test,0
3815,test,0
3816,test,0
3817,test,0
3818,test,0
3819,test,0
3820,test,0
3821,test,0
3822,test,0
3823,test,0
3824,test,0
3825,test,0
3826,test,0
3827,test,0
3828,test,0
3829,test,0
3830,test,0
3831,test,0
3832,test,0
3833,test,0
3834,test,0
3835,test,0
3836,test,0
3837,test,1
3838,test,0
3839,test,1
3840,test,0
3841,test,0
3842,test,0
3843,test,0
3844,test,0
3845,test,0
3846,test,0
3847,test,1
3848,test,0
3849,test,0
3850,test,0
3851,test,0
3852,test,0
3853,test,0
3854,test,1
3855,test,0
3856,test,0
3857,test,0
3858,test,0
3859,test,0
3860,test,0
3861,test,0
3862,test,0
3863,test,0
3864,test,0
3865,test,0
3866,test,0
3867,test,0
3868,test,0
3869,test,0
3870,test,0
3871,test,0
3872,test,0
3873,test,0
3874,test,0
3875,test,0
3876,test,0
3877,test,0
3878,test,1
3879,test,0
3880,test,0
3881,test,0
3882,test,0
3883,test,1
3884,test,0
3885,test,1
3886,test,1
3887,test,1
3888,test,0
3889,test,0
3890,test,0
3891,test,0
3892,test,0
3893,test,0
3894,test,0
3895,test,0
3896,test,0
3897,test,0
3898,test,0
3899,test,0
3900,test,0
3901,test,0
3902,test,0
3903,test,1
3904,test,0
3905,test,0
3906,test,0
3907,test,0
3908,test,0
3909,test,0
3910,test,0
3911,test,0
3912,test,0
3913,test,0
3914,test,1
3915,test,1
3916,test,0
3917,test,0
3918,test,0
3919,test,0
3920,test,0
3921,test,1
3922,test,0
3923,test,0
3924,test,0
3925,test,1
3926,test,0
3927,test,0
3928,test,0
3929,test,0
3930,test,0
3931,test,1
3932,test,0
3933,test,0
3934,test,0
3935,test,0
3936,test,0
3937,test,0
3938,test,0
3939,test,0
3940,test,0
3941,test,0
3942,test,1
3943,test,0
3944,test,0
3945,test,0
3946,test,0
3947,test,0
3948,test,0
3949,test,0
3950,test,0
3951,test,0
3952,test,0
3953,test,1
3954,test,0
3955,test,0
3956,test,1
3957,test,1
3958,test,0
3959,test,0
3960,test,0
3961,test,0
3962,test,0
3963,test,0
3964,test,0
3965,test,0
3966,test,0
3967,test,0
3968,test,0
3969,test,0
3970,test,0
3971,test,1
3972,test,0
3973,test,0
3974,test,0
3975,test,0
3976,test,1
3977,test,0
3978,test,0
3979,test,0
3980,test,0
3981,test,0
3982,test,0
3983,test,0
3984,test,0
3985,test,0
3986,test,1
3987,test,0
3988,test,0
3989,test,0
3990,test,1
3991,test,0
3992,test,0
3993,test,0
3994,test,0
3995,test,0
3996,test,0
3997,test,0
3998,test,0
3999,test,0
4000,test,0
